medium,year,topic,women_percent
legacy,1995,social_legal,19
legacy,2000,social_legal,21
legacy,2005,social_legal,28
legacy,2010,social_legal,30
legacy,2015,social_legal,28
legacy,2020,social_legal,32
legacy,2025,social_legal,27
legacy,1995,science_health,27
legacy,2000,science_health,21
legacy,2005,science_health,22
legacy,2010,science_health,32
legacy,2015,science_health,35
legacy,2020,science_health,30
legacy,2025,science_health,36
legacy,1995,economy,10
legacy,2000,economy,18
legacy,2005,economy,20
legacy,2010,economy,20
legacy,2015,economy,21
legacy,2020,economy,24
legacy,2025,economy,25
legacy,1995,politics_government,7
legacy,2000,politics_government,12
legacy,2005,politics_government,14
legacy,2010,politics_government,19
legacy,2015,politics_government,16
legacy,2020,politics_government,20
legacy,2025,politics_government,22
website,2015,social_legal,28
website,2020,social_legal,32
website,2025,social_legal,27
website,2015,science_health,41
website,2020,science_health,31
website,2025,science_health,36
website,2015,economy,23
website,2020,economy,23
website,2025,economy,27
website,2015,politics_government,19
website,2020,politics_government,21
website,2025,politics_government,24
legacy,2025,sports,15
website,2025,sports,14
legacy,2020,crime_violence_excluding_gbv,24
legacy,2025,crime_violence_excluding_gbv,21
website,2020,crime_violence_excluding_gbv,27
website,2025,crime_violence_excluding_gbv,21
