medium,year,role,women_percent
legacy,2005,subject,23
legacy,2010,subject,23
legacy,2015,subject,26
legacy,2020,subject,24
legacy,2025,subject,24
legacy,2005,spokesperson,14
legacy,2010,spokesperson,19
legacy,2015,spokesperson,20
legacy,2020,spokesperson,22
legacy,2025,spokesperson,23
legacy,2005,expert_or_commentator,17
legacy,2010,expert_or_commentator,20
legacy,2015,expert_or_commentator,19
legacy,2020,expert_or_commentator,24
legacy,2025,expert_or_commentator,23
legacy,2005,personal_experience,31
legacy,2010,personal_experience,36
legacy,2015,personal_experience,38
legacy,2020,personal_experience,42
legacy,2025,personal_experience,42
legacy,2005,eye_witness,30
legacy,2010,eye_witness,29
legacy,2015,eye_witness,30
legacy,2020,eye_witness,30
legacy,2025,eye_witness,35
legacy,2005,popular_opinion,34
legacy,2010,popular_opinion,44
legacy,2015,popular_opinion,37
legacy,2020,popular_opinion,38
legacy,2025,popular_opinion,45
website,2015,subject,26
website,2020,subject,28
website,2025,subject,29
website,2015,spokesperson,18
website,2020,spokesperson,25
website,2025,spokesperson,25
website,2015,expert_or_commentator,21
website,2020,expert_or_commentator,25
website,2025,expert_or_commentator,28
website,2015,personal_experience,38
website,2020,personal_experience,41
website,2025,personal_experience,39
website,2015,eye_witness,27
website,2020,eye_witness,30
website,2025,eye_witness,34
website,2015,popular_opinion,42
website,2020,popular_opinion,39
website,2025,popular_opinion,40
